token,dimension_1,dimension_2,dimension_3,dimension_4,dimension_5,dimension_6,dimension_7,dimension_8,dimension_9,dimension_10,selection_method
import,0.45152489630694614,-0.5261332908155804,-0.1759385437619625,0.2904630578797627,-0.029956628592579103,-0.15975113221277226,0.17264639102449003,0.45677967042749223,-0.06561273197606779,-0.36716286719892843,manual
from,0.28162319784000023,-0.09819802860971878,-0.00428236936221438,0.12345853477937707,-0.1395950688493931,-0.14751439370697697,0.1510245514934916,0.9114137930999991,-0.008133285507079618,0.031436058605206894,manual
class,0.48946811057984774,-0.7228414421794183,-0.17150599985520326,0.34660814955755453,0.0662677882467745,0.05233942803808843,-0.19020327584118263,-0.13968965016652432,-0.15926701012023325,-0.013505567883383128,manual
def,0.2514426377388211,-0.06255116721595862,-0.01204314249430757,-0.06380290015005144,-0.044109116943393076,-0.19672617367404288,0.6745895417991403,-0.184043973369415,-0.04752471213076977,-0.6299202093525224,manual
return,0.28270081059317115,-0.1746933551722975,-0.08054153989250547,-0.05464322781357733,-0.017858879831207566,-0.19637650475883764,0.6180939892885332,-0.17147623601663906,0.034971899412340336,0.6546294198115367,manual
function,0.6082460882765718,-0.19394532112468743,0.4206235238096923,-0.609669569028236,0.1722272704534009,0.030002113364098953,-0.10800632396182765,0.03641762722967079,0.005923959611054936,-0.01455039341501773,manual
test,0.6231934396829855,0.2100990910962746,0.023668430918512846,0.020860001601172712,-0.7290429631867325,0.1016384776251838,-0.10506550051879646,-0.10792739288535948,-0.04435024024036126,0.0022196211237933035,manual
assert,0.4269478460437203,-0.10083366557261964,-0.0885738808224194,-0.06803223931213932,-0.11264747245853092,-0.24796105027362939,0.8023410992794308,-0.24454078171839647,0.0021100250931227033,0.13169802378808923,manual
error,0.5859354668899199,0.34066759360864657,-0.5110150066928472,-0.09165326364410162,0.23233073740700674,-0.41823990520397514,-0.20278438762108536,-0.030060784314246768,-0.006355658056727138,-0.010991753662894836,manual
exception,0.4635602456235829,0.25274570675796265,-0.30182764766227904,0.03574264915006437,0.2807306065388778,0.7105251569231231,0.19639422922529307,0.07810482491184445,-0.013620018848652115,-0.018488012385133867,manual
script,0.43065047184362554,0.32009054601743797,0.5793056429863179,0.5429172795705107,0.2523467262624097,-0.11585146264180984,0.00886622295917891,-0.0603116861674079,-0.027373766682192026,0.012733767988888815,random
OPTIONS,0.7778592568892724,-0.013569420078044564,0.056455213253495916,0.040682312720669196,-0.08312820006313415,-0.07899340122754732,0.36577727133525,-0.2815869349356311,0.38280904597792814,0.13088686229314958,random
Checking,0.8469015436649914,-0.04938587583756293,-0.09851863541227945,0.20134202261823536,-0.10941756769923205,-0.11547415415482058,0.03178577146938365,-0.09504400412824389,0.41755226294675474,0.14273823710041875,random
wait,0.825219795153033,0.21341546004098258,0.26936697337446835,0.07521012020408918,-0.00290037564033051,0.26705261606670155,0.17181586186893952,-0.14642888560547096,0.17309243348535905,0.20737017912615285,random
comm,0.773310991842458,0.16863269125282646,0.1591091618031563,0.21426200334919832,0.04838032064159791,-0.0034068123263702554,0.003603048748484172,0.12446322151645442,0.5162472241358668,0.13402111846052864,random
buil,0.7872636626236761,0.3787967402612228,0.12087555447265029,0.1608412203048946,-0.1563876633139182,-0.23523954601309713,-0.20087950346134115,-0.11704133894805338,0.19100526222971512,0.1609942604047808,random
attempt,0.7379870359113626,0.23841640407717396,0.13944265831261266,0.03065700970571726,0.03005575268397323,0.34302288254571595,0.09931713420226669,0.024839602745949027,0.20946916374303065,0.4530147570476949,random
RidgeCV,0.9046343924759136,-0.1715899276012816,0.09313335011939923,0.19106224029654104,-0.1602548094156023,-0.15223210386230002,0.03165206951456097,-0.09268655182408439,0.22028701783493917,0.006298739282470935,random
verse,0.697174576425042,-0.2327948704863567,-0.08711615482049712,0.1001383377080499,0.10989121445261893,0.3188801440984074,0.09240807385822852,0.004951292089595172,0.47231317097161923,0.3110194896742973,random
Model,0.17779372232674043,-0.17225572107937037,-0.04330867809238486,0.12805155617574984,-0.02719761740281095,0.010225795687789257,-0.048983282841560526,-0.039964334167694446,0.9533376434147567,-0.08216487433595718,random
